{"stats":{"minecraft:crafted":{"minecraft:oak_planks":12,"minecraft:coal":45,"sophisticatedbackpacks:backpack":1,"bakery:sandwich":2,"minecraft:crafting_table":1,"minecraft:spruce_planks":28,"minecraft:wooden_pickaxe":1,"minecraft:bread":78,"minecraft:emerald_block":3,"minecraft:shield":1,"minecraft:iron_axe":1,"minecraft:stick":12,"minecraft:stone_pickaxe":1,"minecraft:wooden_axe":2,"minecraft:chest":1,"minecraft:spruce_boat":1,"minecraft:torch":16,"minecraft:wheat":207},"minecraft:mined":{"minecraft:deepslate_tiles":1,"minecraft:dandelion":1,"minecraft:crafting_table":3,"minecraft:grass_block":2,"minecraft:decorated_pot":1,"minecraft:coal_block":5,"minecraft:tall_grass":32,"minecraft:spruce_leaves":1,"minecraft:wall_torch":1,"minecraft:large_fern":1,"minecraft:hay_block":17,"minecraft:iron_ore":6,"minecraft:spruce_log":7,"minecraft:grass":67,"minecraft:bookshelf":6,"minecraft:oak_log":3,"minecraft:coal_ore":7,"minecraft:cobweb":14,"minecraft:white_tulip":1,"minecraft:stone":6,"minecraft:netherrack":1,"minecraft:oak_leaves":2},"minecraft:dropped":{"minecraft:wheat_seeds":1,"minecraft:wooden_axe":2,"minecraft:beef":3},"minecraft:custom":{"minecraft:mob_kills":3,"minecraft:interact_with_crafting_table":21,"minecraft:leave_game":3,"minecraft:time_since_death":46753,"minecraft:sleep_in_bed":2,"minecraft:climb_one_cm":5792,"minecraft:time_since_rest":29173,"minecraft:sprint_one_cm":105808,"minecraft:damage_taken":641,"minecraft:walk_one_cm":240997,"minecraft:drop":6,"minecraft:damage_dealt":346,"minecraft:fly_one_cm":124227,"minecraft:open_chest":61,"minecraft:crouch_one_cm":379,"minecraft:play_time":61118,"tombstone:undead_killed":1,"minecraft:deaths":2,"minecraft:sneak_time":372,"minecraft:walk_under_water_one_cm":279,"minecraft:boat_one_cm":8325,"minecraft:jump":647,"minecraft:interact_with_blast_furnace":4,"minecraft:walk_on_water_one_cm":2560,"minecraft:total_world_time":61118,"minecraft:interact_with_smoker":1,"minecraft:fall_one_cm":16379},"minecraft:picked_up":{"minecraft:wooden_axe":1,"minecraft:crafting_table":3,"minecraft:cooked_beef":1,"minecraft:leather":2,"minecraft:oak_log":3,"minecraft:string":14,"minecraft:dirt":13,"minecraft:wheat_seeds":7,"minecraft:beef":5,"minecraft:coal_block":5,"minecraft:book":18,"minecraft:raw_iron":6,"minecraft:torch":3,"minecraft:dandelion":1,"minecraft:spruce_log":7,"minecraft:spruce_boat":1,"minecraft:hay_block":17,"minecraft:spruce_sign":6,"alexsmobs:flying_fish":1,"minecraft:netherrack":1,"minecraft:cobblestone":6,"minecraft:coal":7},"minecraft:killed":{"minecraft:zombie":1,"minecraft:cow":2},"minecraft:used":{"minecraft:stone_pickaxe":20,"minecraft:wooden_pickaxe":6,"minecraft:iron_sword":14,"minecraft:spruce_sign":1,"minecraft:netherrack":1,"minecraft:torch":5,"bakery:sandwich":2,"minecraft:dirt":5,"minecraft:crafting_table":3,"minecraft:spruce_boat":1,"minecraft:wooden_axe":49,"minecraft:beef":1,"alexsmobs:animal_dictionary":1,"minecraft:cooked_beef":1,"minecraft:iron_leggings":1,"minecraft:cobweb":14},"minecraft:killed_by":{"minecraft:spider":1,"minecraft:zombie":1}},"DataVersion":3465}