{"stats":{"minecraft:crafted":{"minecraft:oak_planks":24,"minecraft:crafting_table":2,"minecraft:stick":4,"minecraft:wooden_pickaxe":1,"minecraft:stone_pickaxe":1,"minecraft:white_bed":1,"minecraft:bread":87,"minecraft:wheat":261},"minecraft:mined":{"minecraft:large_fern":1,"minecraft:hay_block":29,"minecraft:spruce_planks":1,"minecraft:dark_oak_leaves":1,"minecraft:fire":4,"minecraft:creeper_head":1,"minecraft:grass":30,"minecraft:oak_log":6,"minecraft:flower_pot":1,"minecraft:sand":3,"minecraft:tall_grass":32,"minecraft:stone":10,"minecraft:spawner":1,"minecraft:oxeye_daisy":1,"minecraft:oak_leaves":1,"minecraft:fern":1},"minecraft:dropped":{"minecraft:spruce_sign":4,"minecraft:flower_pot":1,"minecraft:cooked_beef":1,"minecraft:arrow":1,"minecraft:wooden_pickaxe":1,"minecraft:oak_sign":6,"minecraft:bone":1},"minecraft:picked_up":{"minecraft:cooked_beef":3,"minecraft:creeper_head":1,"minecraft:flower_pot":1,"minecraft:leather":15,"minecraft:sand":2,"minecraft:oak_log":6,"tombstone:grave_dust":7,"minecraft:bone":6,"minecraft:arrow":9,"minecraft:rotten_flesh":1,"minecraft:oak_sign":6,"minecraft:wheat_seeds":9,"minecraft:hay_block":29,"minecraft:beef":27,"minecraft:spruce_sign":8,"minecraft:cobblestone":10,"minecraft:mutton":9,"minecraft:white_wool":5,"alexsmobs:flying_fish":1,"minecraft:oxeye_daisy":1},"minecraft:custom":{"tombstone:steal_effect":5,"minecraft:time_since_rest":190,"minecraft:sprint_one_cm":219330,"minecraft:damage_taken":1050,"minecraft:walk_one_cm":116628,"minecraft:mob_kills":24,"minecraft:drop":7,"minecraft:damage_dealt":3271,"minecraft:swim_one_cm":93413,"minecraft:interact_with_crafting_table":6,"minecraft:fly_one_cm":509535,"minecraft:open_chest":12,"tombstone:undead_killed":7,"minecraft:crouch_one_cm":2030,"minecraft:play_time":71495,"minecraft:deaths":2,"minecraft:interact_with_campfire":3,"minecraft:sneak_time":832,"minecraft:walk_under_water_one_cm":17481,"minecraft:jump":1288,"minecraft:leave_game":3,"minecraft:time_since_death":3675,"minecraft:walk_on_water_one_cm":10566,"minecraft:sleep_in_bed":2,"minecraft:total_world_time":71495,"minecraft:fall_one_cm":32428},"minecraft:killed":{"minecraft:sheep":5,"minecraft:skeleton":6,"minecraft:husk":1,"minecraft:cow":12},"minecraft:used":{"minecraft:bread":12,"minecraft:stone_pickaxe":1,"minecraft:wooden_pickaxe":10,"minecraft:iron_sword":93,"minecraft:spruce_sign":4,"minecraft:golden_sword":9,"minecraft:crafting_table":2,"minecraft:carrot":5,"minecraft:white_bed":1,"tombstone:gift":1,"minecraft:cooked_beef":2},"minecraft:killed_by":{"minecraft:skeleton":1,"minecraft:zombie":1}},"DataVersion":3465}