{"stats":{"minecraft:crafted":{"minecraft:crafting_table":1,"minecraft:spruce_planks":28,"minecraft:stick":28,"minecraft:wooden_pickaxe":1,"minecraft:stone_pickaxe":2,"minecraft:torch":4},"minecraft:mined":{"minecraft:iron_ore":3,"minecraft:white_carpet":1,"minecraft:spruce_log":7,"minecraft:crafting_table":1,"minecraft:grass":1,"minecraft:coal_ore":25,"minecraft:dirt":9,"minecraft:tall_grass":4,"minecraft:cobblestone":1,"minecraft:spruce_leaves":1,"minecraft:stone":162,"minecraft:stone_bricks":1,"minecraft:wall_torch":2},"minecraft:dropped":{"minecraft:wooden_axe":1},"minecraft:broken":{"minecraft:stone_pickaxe":1,"minecraft:wooden_pickaxe":1},"minecraft:custom":{"minecraft:time_since_rest":1854,"minecraft:sprint_one_cm":4994,"minecraft:damage_taken":550,"minecraft:walk_one_cm":193486,"minecraft:mob_kills":1,"minecraft:drop":1,"minecraft:damage_dealt":560,"minecraft:interact_with_crafting_table":2,"minecraft:swim_one_cm":16859,"minecraft:fly_one_cm":3532,"minecraft:open_chest":5,"minecraft:crouch_one_cm":465,"minecraft:play_time":37117,"tombstone:undead_killed":1,"minecraft:deaths":2,"minecraft:sneak_time":202,"minecraft:walk_under_water_one_cm":6387,"minecraft:jump":365,"minecraft:leave_game":1,"minecraft:time_since_death":3383,"minecraft:walk_on_water_one_cm":10893,"minecraft:sleep_in_bed":2,"minecraft:climb_one_cm":250,"minecraft:total_world_time":37117,"minecraft:fall_one_cm":5394},"minecraft:picked_up":{"minecraft:wooden_axe":2,"minecraft:raw_iron":3,"minecraft:crafting_table":1,"minecraft:torch":2,"minecraft:spruce_log":7,"minecraft:dirt":9,"minecraft:white_carpet":1,"minecraft:rotten_flesh":1,"minecraft:stone_bricks":1,"minecraft:wheat_seeds":2,"minecraft:white_tulip":1,"minecraft:coal":25,"minecraft:cobblestone":163},"minecraft:killed":{"minecraft:zombie":1},"minecraft:used":{"minecraft:wooden_axe":5,"minecraft:stone_pickaxe":160,"minecraft:wooden_pickaxe":59,"minecraft:torch":5,"minecraft:cobblestone":14,"minecraft:crafting_table":2},"minecraft:killed_by":{"crittersandcompanions:otter":1,"minecraft:zombie":1}},"DataVersion":3465}